{
  "project_info": {
    "project_number": "450805847999",
    "firebase_url": "https://ecom-1b739.firebaseio.com",
    "project_id": "ecom-1b739",
    "storage_bucket": "ecom-1b739.appspot.com"
  },
  "client": [
    {
      "client_info": {
        "mobilesdk_app_id": "1:450805847999:android:408301a916ae582bd3330a",
        "android_client_info": {
          "package_name": "com.first.ecom"
        }
      },
      "oauth_client": [
        {
          "client_id": "450805847999-aun6no82b9n3c3hi7ktg3favvi622f7b.apps.googleusercontent.com",
          "client_type": 3
        }
      ],
      "api_key": [
        {
          "current_key": "AIzaSyDMx8Z7n-lqOjbZZPMopc1iYJ-1bbtYYZA"
        }
      ],
      "services": {
        "appinvite_service": {
          "other_platform_oauth_client": [
            {
              "client_id": "450805847999-aun6no82b9n3c3hi7ktg3favvi622f7b.apps.googleusercontent.com",
              "client_type": 3
            }
          ]
        }
      }
    }
  ],
  "configuration_version": "1"
}