{
  "project_info": {
    "project_number": "174546090220",
    "firebase_url": "https://ecom-50332.firebaseio.com",
    "project_id": "ecom-50332",
    "storage_bucket": "ecom-50332.appspot.com"
  },
  "client": [
    {
      "client_info": {
        "mobilesdk_app_id": "1:174546090220:android:6dfe4e04630e2eb4ca8dc9",
        "android_client_info": {
          "package_name": "com.first.ecom"
        }
      },
      "oauth_client": [
        {
          "client_id": "174546090220-qosqdaf1mb5u7aeeli6aqm1nanv0hobe.apps.googleusercontent.com",
          "client_type": 1,
          "android_info": {
            "package_name": "com.first.ecom",
            "certificate_hash": "c3fe8d1ed4cbd9460009c533131618140939194f"
          }
        },
        {
          "client_id": "174546090220-0mqnh2bpuu8ksolrcrtraghorsn5fpoc.apps.googleusercontent.com",
          "client_type": 3
        }
      ],
      "api_key": [
        {
          "current_key": "AIzaSyALT3K0CQV-G6Cqlj5t5uhiYRlX_pq2HW4"
        }
      ],
      "services": {
        "appinvite_service": {
          "other_platform_oauth_client": [
            {
              "client_id": "174546090220-0mqnh2bpuu8ksolrcrtraghorsn5fpoc.apps.googleusercontent.com",
              "client_type": 3
            }
          ]
        }
      }
    }
  ],
  "configuration_version": "1"
}